{
  "project_info": {
    "project_number": "1074864767942",
    "firebase_url": "https://chatfirebase-7417f.firebaseio.com",
    "project_id": "chatfirebase-7417f",
    "storage_bucket": "chatfirebase-7417f.appspot.com"
  },
  "client": [
    {
      "client_info": {
        "mobilesdk_app_id": "1:1074864767942:android:b4cfa4e753b6e4bf3028c7",
        "android_client_info": {
          "package_name": "xchel.co.personalchat"
        }
      },
      "oauth_client": [
        {
          "client_id": "1074864767942-e6lhr0nvi17sf5ivfussois4g6bh0nlm.apps.googleusercontent.com",
          "client_type": 3
        }
      ],
      "api_key": [
        {
          "current_key": "AIzaSyBwL8AxIjjqURKEhZDYjDMHZKDxMY1Ti00"
        }
      ],
      "services": {
        "appinvite_service": {
          "other_platform_oauth_client": [
            {
              "client_id": "1074864767942-e6lhr0nvi17sf5ivfussois4g6bh0nlm.apps.googleusercontent.com",
              "client_type": 3
            }
          ]
        }
      }
    }
  ],
  "configuration_version": "1"
}